Time,C_1,C_2,C_3,C-4,C_5,C_6,C_7,C_8
1486944544.394886,34,72,246,37,59,41,971,45
1486944544.418019,39,76,179,40,63,44,801,43
1486944544.44137,40,87,267,44,67,41,701,45
1486944544.458616,41,87,353,46,67,38,666,43
1486944544.477708,44,92,350,48,62,43,823,45
1486944544.502071,41,95,459,51,59,47,878,39
1486944544.513528,40,114,584,62,56,47,920,37
1486944544.53607,40,117,880,67,54,52,982,37
1486944544.559025,38,171,1099,72,49,53,1008,36
1486944544.573251,36,187,1310,78,48,48,867,34
1486944544.595598,35,192,1324,78,46,45,956,38
1486944544.618658,35,213,1329,76,47,47,1079,41
1486944544.633833,36,224,1352,79,50,42,1121,43
1486944544.654928,37,201,1267,74,52,46,1085,42
1486944544.679233,36,190,1241,74,59,47,1046,40
1486944544.693361,39,182,1204,74,60,46,1061,38
1486944544.715877,40,144,1250,81,66,48,1017,37
1486944544.738786,36,117,1152,303,64,51,1160,34
1486944544.753859,39,97,1183,409,97,50,1262,32
1486944544.791552,207,95,1289,445,188,82,1405,32
1486944544.802005,251,127,1522,474,281,126,1567,30
1486944544.820876,265,144,1517,473,528,132,1653,34
1486944544.836097,273,184,1440,373,588,243,1513,38
1486944544.858953,667,299,1370,257,821,287,1407,38
1486944544.872871,879,471,1201,192,983,281,1256,45
1486944544.895694,1106,498,1165,115,1065,287,849,45
1486944544.918527,1167,519,1197,303,1070,305,709,46
1486944544.933662,1172,516,1269,670,1069,605,900,50
1486944544.955027,1002,467,1287,931,905,871,1109,52
1486944544.979496,797,360,1194,993,710,1061,1277,46
1486944544.993586,403,458,972,1091,540,1191,1494,45
1486944545.015701,135,476,842,1167,449,1325,1578,38
1486944545.038793,52,511,704,1104,884,1331,1570,32
1486944545.061875,29,605,580,918,981,1195,1469,30
1486944545.075638,21,715,547,852,1138,1048,1336,31
1486944545.099436,446,831,781,728,1232,901,1090,34
1486944545.12104,723,1069,949,718,1326,691,760,37
1486944545.136118,1052,1172,1106,862,1219,388,405,40
1486944545.158762,1104,1242,1204,867,1276,284,277,42
1486944545.181954,1140,1193,1355,987,1284,203,726,51
1486944545.195723,1054,1064,1243,1150,1229,155,1180,51
1486944545.21831,888,799,1127,1179,1086,103,1396,55
1486944545.241544,453,737,995,1139,1028,71,1438,110
1486944545.255328,306,835,961,1236,929,57,1429,198
1486944545.279069,604,1020,873,1274,807,45,1252,238
1486944545.302161,994,1059,944,1337,918,214,835,693
1486944545.326032,1332,1081,1142,1490,1074,685,374,1029
1486944545.341615,1498,1164,1293,1516,1199,1093,647,1170
1486944545.361499,1734,1238,1476,1548,1329,1262,992,1262
1486944545.3842,1703,1176,1566,1619,1390,1347,1088,1425
1486944545.398222,1605,1350,1573,1557,1500,1460,1209,1318
1486944545.420956,1516,1457,1534,1371,1477,1567,1339,1117
1486944545.443702,1478,1412,1592,1324,1462,1390,1308,978
1486944545.457758,1380,1211,1516,1277,1327,1311,1121,847
1486944545.480255,1361,1142,1544,1099,1256,1267,1114,513
1486944545.504399,1254,1137,1523,1176,1064,1225,1172,364
1486944545.525906,1181,1114,1490,1250,1088,1068,1239,204
1486944545.541178,1135,1151,1407,1255,938,1239,1251,113
1486944545.555176,1301,1175,1517,1264,1099,1404,1262,70
1486944545.579137,1392,1299,1494,1329,1129,1529,1280,43
1486944545.602068,1538,1309,1459,1281,1091,1617,1291,31
1486944545.61587,1534,1276,1454,1192,1040,1660,1221,202
1486944545.638815,1557,1186,1478,1142,1126,1621,1209,491
1486944545.661617,1414,1258,1341,1145,994,1589,1325,780
1486944545.675598,1369,1249,1436,1124,981,1555,1348,992
1486944545.699683,1332,1225,1606,974,997,1425,1240,1079
1486944545.721064,1366,1286,1585,911,911,1316,1194,1123
1486944545.736073,1302,1342,1458,803,703,1242,1126,1065
1486944545.758861,1190,1293,1336,608,609,1168,1142,891
1486944545.781719,1119,1211,1034,355,466,1033,1299,650
1486944545.79589,1067,1215,746,273,349,1108,1312,495
1486944545.818634,1040,1132,685,277,280,1183,1362,329
1486944545.841341,1039,1072,769,273,237,1231,1432,189
1486944545.855164,1074,1115,782,297,190,1220,1302,91
1486944545.879301,1097,1105,742,310,174,1366,1083,62
1486944545.902431,1118,923,661,315,173,1322,1049,43
1486944545.915929,1015,924,562,272,154,1242,1068,411
1486944545.938669,1009,986,359,259,120,1176,997,717
1486944545.962477,1049,867,257,224,111,1158,996,809
1486944545.984481,1035,816,251,207,89,1048,982,889
1486944545.999457,990,763,232,206,81,1107,997,973
1486944546.028663,1025,700,217,171,73,1144,826,947
1486944546.043781,996,581,210,172,66,1187,742,809
1486944546.058968,966,595,204,187,79,1157,798,858
1486944546.081728,990,563,153,177,95,1146,765,940
1486944546.104615,1003,558,137,167,96,1092,686,1001
1486944546.118602,1037,629,132,180,111,1077,758,1127
1486944546.14127,1092,673,145,166,128,989,751,1250
1486944546.164056,1031,707,217,182,144,971,641,1286
1486944546.177904,1053,814,459,207,136,1108,776,1353
1486944546.200664,1076,887,631,253,138,1074,842,1484
1486944546.223565,1245,1009,963,539,140,1051,901,1478
1486944546.238687,1400,1009,1126,747,226,1048,970,1477
1486944546.261518,1455,1123,1205,948,516,1167,1073,1443
1486944546.284351,1544,1096,1369,1109,688,1058,1046,1294
1486944546.298192,1530,1260,1436,1172,918,1229,1083,1019
1486944546.321089,1310,1231,1350,1177,1161,1320,1020,820
1486944546.345854,1065,1336,1441,1258,1446,1469,1026,531
1486944546.360231,911,1343,1575,1161,1507,1476,993,259
1486944546.384047,546,1505,1399,1020,1482,1464,950,129
1486944546.404577,250,1379,1373,1094,1443,1367,935,297
1486944546.418525,136,1268,1365,1157,1439,1352,1064,301
1486944546.441206,81,1097,1339,1088,1225,1378,1180,481
1486944546.464055,54,903,1217,1356,1191,1294,1217,514
1486944546.477956,45,463,1350,1495,1294,1344,1342,519
1486944546.508288,707,721,1374,1484,1347,1455,1467,727
1486944546.523507,825,802,1368,1473,1245,1406,1457,940
1486944546.54625,904,833,1225,1485,1224,1244,1359,1095
1486944546.568943,1048,839,1189,1322,1221,1242,1355,1233
1486944546.583109,1239,841,1053,1231,1156,1187,1271,1355
1486944546.605875,1055,476,1016,1242,1136,1101,1116,1351
1486944546.633648,979,288,1053,1243,1117,1164,1037,1296
1486944546.648965,1166,701,1070,1147,1162,1154,1023,1131
1486944546.67277,1276,1000,981,1103,1127,1164,922,982
1486944546.688242,1440,1365,961,1052,1087,1112,875,904
1486944546.715722,1603,1602,866,962,1052,1070,821,797
1486944546.731159,1622,1640,720,864,1032,986,852,668
1486944546.747556,1449,1494,667,861,971,1001,813,699
1486944546.769186,1246,1319,706,874,898,1069,891,712
1486944546.791699,818,1067,759,932,940,1141,986,709
1486944546.80597,313,800,781,957,895,1097,984,746
1486944546.828933,99,987,875,945,896,1103,950,931
1486944546.851454,57,1199,921,942,969,1034,956,1003
1486944546.866911,90,1320,980,860,1006,979,936,1177
1486944546.889454,665,1294,1055,826,996,963,845,1219
1486944546.910928,818,1226,1033,758,964,946,839,1325
1486944546.926372,1005,1028,915,704,919,847,773,1332
1486944546.949224,1252,834,805,683,776,863,751,1441
1486944546.971501,1395,904,700,719,747,804,652,1404
1486944546.986996,1391,885,506,711,761,747,594,1491
1486944547.008465,1384,904,428,721,780,824,582,1512
1486944547.031396,1418,982,452,795,842,882,546,1443
1486944547.046501,1283,1000,440,840,897,863,501,1393
1486944547.069048,1146,786,405,779,880,802,460,1410
1486944547.09196,952,743,362,701,788,761,370,1370
1486944547.105863,842,746,374,686,710,658,360,1418
1486944547.128717,527,845,506,552,611,657,378,1589
1486944547.151255,296,925,616,494,627,655,361,1689
1486944547.166563,189,946,694,516,562,626,375,1749
1486944547.189502,636,967,784,614,614,663,375,1751
1486944547.210948,907,982,813,649,649,813,316,1623
1486944547.226285,1103,848,908,742,721,863,286,1485
1486944547.248949,1125,685,955,876,786,1022,348,1329
1486944547.271517,1142,676,993,1013,961,1116,556,1145
1486944547.286799,994,841,1030,1144,1050,1200,843,1086
1486944547.308575,903,938,1092,1311,1124,1170,964,1135
1486944547.333849,909,1126,1048,1372,1143,1235,1053,1125
1486944547.349518,1149,1269,1082,1325,1170,1147,1110,1205
1486944547.371958,1401,1388,1145,1278,1160,1120,1220,1172
1486944547.399574,1410,1372,1220,1271,1202,1123,1089,1092
1486944547.410175,1381,1402,1323,1233,1226,1136,1128,950
1486944547.428709,1382,1349,1330,1194,1328,1133,1112,843
1486944547.451529,1435,1272,1397,1271,1276,1228,1112,725
1486944547.467747,1344,1115,1373,1287,1258,1315,1115,820
1486944547.48989,1429,1072,1438,1221,1192,1375,1182,991
1486944547.511168,1463,1038,1428,1238,1201,1359,1150,1199
1486944547.526364,1337,1105,1454,1319,1168,1430,1079,1340
1486944547.549222,1190,1176,1406,1247,1201,1466,1101,1292
1486944547.571773,1134,1241,1405,1291,1203,1372,1027,1365
1486944547.594364,1075,1323,1236,1322,1138,1334,1088,1250
1486944547.611184,1230,1315,1135,1275,1074,1334,1010,1208
1486944547.632499,1390,1238,1022,1172,1013,1203,1152,1147
1486944547.655169,1421,1212,883,1108,1047,1115,1133,1154
1486944547.677925,1512,1156,844,1011,976,1214,1101,1068
1486944547.700774,1610,993,860,987,1005,1342,1024,1172
1486944547.723638,1557,1031,899,873,930,1364,1040,1097
1486944547.751466,1481,1125,969,866,814,1430,996,1030
1486944547.767974,1418,1188,1026,915,625,1449,1133,953
1486944547.798022,1283,1441,1056,922,553,1451,1177,848
1486944547.825817,1094,1515,1045,866,640,1353,1110,603
1486944547.853903,1110,1527,1027,948,695,1364,1155,360
1486944547.859206,1110,1501,995,919,719,1237,1102,194
1486944547.871744,1219,1537,926,926,693,1122,872,525
1486944547.877054,1287,1292,786,863,671,1006,784,729
1486944547.888229,1311,1172,696,776,453,856,772,853
1486944547.910898,1169,1024,498,568,305,744,634,945
1486944547.93127,1186,940,329,538,160,812,539,1070
1486944547.947732,1001,605,234,427,134,839,526,1067
1486944547.970561,812,580,208,401,121,789,300,978
1486944547.992052,780,565,176,417,85,719,193,902
1486944548.00859,729,516,143,411,82,609,165,844
1486944548.030125,558,252,119,368,70,424,135,726
1486944548.051853,545,256,109,325,62,399,132,550
1486944548.067982,544,254,91,317,64,428,365,480
1486944548.090699,519,236,82,312,60,467,481,452
1486944548.111004,504,246,71,329,59,498,487,417
1486944548.127446,467,234,65,282,54,488,509,346
1486944548.150345,448,209,61,277,74,405,542,420
1486944548.171832,442,232,60,532,73,359,537,440
1486944548.194499,430,242,56,538,69,388,592,410
1486944548.211133,380,250,51,536,70,404,591,399
1486944548.231266,440,432,44,538,90,434,592,469
1486944548.255647,413,807,42,537,72,485,568,375
1486944548.27052,399,837,39,247,73,463,458,347
1486944548.291957,392,858,43,206,73,437,280,358
1486944548.308536,385,872,51,177,75,550,567,362
1486944548.330037,305,841,46,157,54,636,673,284
1486944548.353262,277,519,49,164,60,688,723,316
1486944548.369724,310,469,50,196,63,741,761,354
1486944548.390828,291,421,48,214,64,756,767,342
1486944548.413644,292,389,37,225,67,712,663,313
1486944548.427757,255,279,38,239,69,643,633,291
1486944548.451538,262,230,39,235,63,572,596,261
1486944548.473194,197,200,40,215,57,509,576,211
1486944548.488293,178,189,42,198,60,444,547,203
1486944548.510992,187,183,45,204,57,326,450,195
1486944548.532882,199,175,46,200,56,257,302,179
1486944548.54788,208,193,44,211,56,328,233,178
1486944548.584522,223,217,44,202,60,371,143,205
1486944548.594897,226,221,41,201,58,376,118,213
1486944548.608666,203,204,39,189,55,376,97,201
1486944548.630004,189,204,40,196,51,378,73,206
1486944548.652867,160,169,40,194,51,258,66,183
1486944548.668511,119,133,38,203,48,169,55,149
1486944548.690773,110,125,38,219,46,121,44,135
1486944548.713528,136,121,34,210,43,107,36,130
1486944548.730008,169,122,36,197,45,83,32,122
1486944548.750483,186,130,35,186,45,75,33,120
1486944548.773523,198,124,37,166,42,54,30,110
1486944548.788508,220,128,35,130,36,49,33,125
1486944548.811172,232,152,37,130,37,45,33,146
1486944548.832577,232,162,32,117,38,49,33,198
1486944548.84781,318,223,31,122,42,277,34,306
1486944548.87081,525,507,36,130,65,471,161,489
1486944548.893571,682,707,60,177,76,604,581,517
1486944548.908664,815,870,244,342,100,711,721,750
1486944548.930169,852,908,360,590,121,905,802,832
1486944548.952971,924,992,496,637,155,983,856,889
1486944548.968425,889,980,658,728,207,978,923,833
1486944548.99097,905,935,760,771,228,982,835,887
1486944549.013678,903,892,796,735,224,966,795,751
1486944549.02778,997,914,810,583,221,803,736,719
1486944549.050415,1057,960,797,558,200,674,688,659
1486944549.073186,1053,922,681,445,145,574,586,699
1486944549.088353,952,872,580,361,106,442,443,745
1486944549.111038,856,787,483,339,93,307,294,720
1486944549.132844,713,733,381,284,74,276,233,678
1486944549.147902,541,623,228,222,67,239,188,675
1486944549.170566,461,598,195,190,53,241,147,685
1486944549.193358,604,594,137,156,47,218,113,726
1486944549.208588,607,570,105,94,48,211,78,836
1486944549.230091,695,557,84,88,53,203,66,923
1486944549.252891,720,449,62,81,52,176,57,895
1486944549.268127,721,373,57,78,48,150,53,832
1486944549.290943,604,327,47,76,60,134,53,702
1486944549.31361,592,350,43,58,64,133,44,571
1486944549.335351,570,540,43,62,69,121,49,469
1486944549.35059,609,693,44,62,69,111,47,515
1486944549.382317,678,794,44,60,74,104,55,563
1486944549.398145,706,875,47,58,73,113,56,582
1486944549.413525,743,886,46,51,79,203,60,582
1486944549.434077,763,953,56,50,74,238,59,582
1486944549.455688,713,1053,75,60,79,349,59,702
1486944549.470701,934,1076,91,61,86,481,57,774
1486944549.493609,949,1135,107,66,102,553,62,773
1486944549.516193,961,1235,168,67,154,555,60,817
1486944549.530326,920,1140,176,66,167,578,69,827
1486944549.553039,1011,968,172,57,178,554,76,719
1486944549.575725,792,858,169,60,177,510,75,609
1486944549.59119,832,676,159,58,167,485,70,553
1486944549.613922,953,610,106,58,121,505,70,474
1486944549.635329,1031,689,90,55,104,492,75,615
1486944549.650453,1052,851,83,52,80,509,78,658
1486944549.673197,1136,994,75,45,84,469,82,863
1486944549.695967,1181,1067,74,44,122,485,80,1169
1486944549.710279,1155,1078,56,56,191,578,80,1180
1486944549.741758,1114,1009,52,59,204,673,65,1083
1486944549.752142,1044,943,52,65,259,675,52,1047
1486944549.770859,940,820,52,78,289,726,40,894
1486944549.79389,843,759,53,81,287,754,42,447
1486944549.807464,1091,1045,47,79,267,688,169,519
1486944549.830177,1048,1037,48,81,259,656,197,529
1486944549.853041,1103,1159,47,91,211,622,199,695
1486944549.868226,1246,1324,50,103,167,556,200,757
1486944549.890924,1279,1390,59,104,155,486,200,801
1486944549.912626,1076,1194,111,122,160,465,128,746
1486944549.927745,1109,1275,115,122,175,418,80,716
1486944549.950442,1096,1154,119,121,170,437,79,532
1486944549.973305,1173,954,124,109,173,444,83,401
1486944549.98848,1143,826,122,108,166,406,81,248
1486944550.009923,1078,681,79,93,163,368,58,134
1486944550.032744,1042,488,91,97,185,275,55,74
1486944550.047985,914,326,108,95,297,214,49,42
1486944550.070876,520,237,107,97,319,162,42,32
1486944550.093725,417,165,109,132,338,278,329,30
1486944550.113952,256,102,114,129,343,384,638,24
1486944550.130213,174,78,105,128,343,569,659,16
1486944550.152958,294,68,91,179,253,649,722,11
1486944550.168407,866,50,95,219,233,682,754,10
1486944550.190975,1063,38,93,217,207,662,687,10
1486944550.212692,1186,25,88,224,177,608,437,10
1486944550.227972,1321,507,87,230,164,449,414,9
1486944550.25044,1402,1012,78,192,160,337,298,8
1486944550.273431,1385,1152,73,140,157,261,208,6
1486944550.288643,1501,1439,81,113,174,221,185,6
1486944550.309996,1607,1540,91,93,194,206,142,4
1486944550.332869,1625,1529,99,76,201,194,160,4
1486944550.348231,1665,1273,104,70,209,167,162,4
1486944550.37078,1675,1150,100,70,206,166,166,4
1486944550.393534,1640,820,93,68,194,148,164,4
1486944550.410558,1580,899,86,63,171,147,155,4
1486944550.431823,1558,906,73,51,134,169,107,4
1486944550.455274,1578,1071,69,43,125,170,87,3
1486944550.470034,1387,1122,64,41,108,168,62,3
1486944550.4912,1170,1130,56,38,92,155,54,3
1486944550.513028,982,929,46,41,82,139,51,4
1486944550.527826,812,821,43,44,74,76,42,5
1486944550.5505,428,557,39,44,59,106,36,7
1486944550.573381,356,505,40,42,51,117,37,7
1486944550.588587,355,483,39,42,43,135,35,8
1486944550.610155,431,624,39,40,43,138,33,20
1486944550.632842,422,627,40,35,41,150,31,65
1486944550.648061,447,714,44,37,42,124,32,80
1486944550.670945,493,790,73,37,39,113,29,97
1486944550.693838,494,790,77,32,38,92,29,119
1486944550.707596,421,680,79,32,36,206,29,128
1486944550.737953,415,663,78,32,34,217,29,117
1486944550.761952,406,610,78,31,34,226,26,114
1486944550.775851,302,464,50,32,38,229,32,100
1486944550.798769,198,369,43,32,39,227,35,90
1486944550.812737,227,384,38,34,40,134,33,82
1486944550.835601,213,361,37,36,41,100,33,78
1486944550.87702,171,283,34,36,41,74,36,77
1486944550.882228,192,293,31,35,38,57,30,89
1486944550.896072,221,357,35,42,52,57,29,90
1486944550.917776,199,345,39,41,55,51,30,94
1486944550.933116,221,365,40,40,55,188,34,93
1486944550.955682,371,561,37,39,53,295,33,108
1486944550.978504,412,640,38,40,54,377,36,112
1486944550.993858,405,603,34,37,40,406,37,99
1486944551.015186,428,623,40,36,36,445,37,95
1486944551.038066,445,639,39,37,40,421,35,104
1486944551.053302,354,531,43,37,40,381,36,86
1486944551.075845,370,479,46,36,42,326,39,82
1486944551.098609,418,653,45,36,45,295,39,95
1486944551.112685,429,673,36,38,49,239,40,101
1486944551.135457,455,712,40,41,48,224,206,95
1486944551.158147,458,687,38,39,54,179,371,101
1486944551.181181,425,694,36,42,51,130,429,96
1486944551.196167,487,666,36,39,50,114,452,86
1486944551.217631,619,775,40,35,50,118,468,80
1486944551.24172,714,855,36,33,48,100,427,80
1486944551.255702,791,903,36,33,46,94,301,84
1486944551.278594,1001,1238,60,30,47,91,215,93
1486944551.301254,952,1461,64,34,45,89,170,111
1486944551.315249,864,1444,65,37,46,59,128,136
1486944551.33805,809,1377,66,38,47,54,193,195
1486944551.360746,799,1343,66,43,45,54,206,212
1486944551.376092,630,1007,45,81,45,51,201,232
1486944551.398817,694,497,41,82,48,53,198,226
1486944551.421578,687,267,42,85,52,52,194,212
1486944551.436484,818,183,48,86,52,57,117,163
1486944551.460001,864,110,48,84,51,75,73,147
1486944551.483183,898,190,55,51,54,73,65,178
1486944551.49632,907,526,70,70,93,158,56,213
1486944551.517779,936,922,183,102,122,202,57,241
1486944551.54196,856,1240,222,109,138,221,61,269
1486944551.555756,794,1306,235,110,143,239,63,292
1486944551.57861,734,1379,237,110,143,273,63,256
1486944551.601412,863,1404,233,97,120,252,65,229
1486944551.624077,1126,1376,161,59,89,236,62,223
1486944551.638364,1211,1295,101,40,60,217,49,207
1486944551.660919,1187,1278,68,33,46,191,45,167
1486944551.676078,1141,1236,54,32,45,139,45,170
1486944551.698045,1047,1212,54,35,45,102,40,167
1486944551.721861,731,1026,46,32,41,48,35,131
1486944551.735923,484,823,40,34,41,45,36,97
1486944551.759039,516,830,39,37,39,46,34,84
1486944551.781752,539,816,38,37,38,44,32,66
1486944551.795425,524,722,37,36,38,41,35,75
1486944551.817966,520,691,36,35,39,43,34,84
1486944551.843009,489,632,36,40,37,44,34,81
1486944551.856935,423,545,34,42,38,52,35,86
1486944551.878729,369,474,35,42,37,50,36,86
1486944551.90179,215,354,38,41,43,52,35,73
1486944551.9154,213,375,40,42,42,49,36,59
1486944551.939212,227,405,43,43,43,48,35,58
1486944551.960911,260,441,43,40,45,36,34,59
1486944551.975965,260,428,43,37,45,39,33,58
1486944551.997514,257,427,39,38,40,35,29,56
1486944552.02178,251,402,37,38,41,36,29,59
1486944552.035788,256,370,37,31,40,36,28,58
1486944552.058331,247,345,37,30,37,35,34,51
1486944552.081499,282,393,36,34,35,32,33,53
1486944552.095545,288,394,35,31,33,33,33,56
1486944552.117902,282,375,35,31,29,34,33,53
1486944552.140571,263,370,37,31,29,33,33,54
1486944552.182287,218,309,36,29,34,37,29,51
1486944552.194309,170,232,40,33,34,37,31,48
1486944552.214117,183,249,39,37,36,43,36,48
1486944552.230306,212,404,39,38,41,42,40,54
1486944552.246692,338,578,36,41,58,43,46,93
1486944552.26065,434,748,38,50,78,49,49,116
1486944552.28357,522,896,49,48,103,60,57,157
1486944552.297487,578,983,50,47,115,61,58,171
1486944552.321661,604,1013,51,47,116,61,56,177
1486944552.34431,549,940,50,48,111,60,53,165
1486944552.358184,483,840,50,40,97,55,49,151
1486944552.388445,401,702,42,39,75,44,39,113
1486944552.403782,434,597,43,38,59,36,33,112
1486944552.418201,388,446,44,38,56,37,31,104
1486944552.442832,383,407,43,36,52,36,31,94
1486944552.467524,374,345,41,35,53,33,34,92
1486944552.480958,374,310,36,35,51,31,32,85
1486944552.501486,209,238,34,35,46,34,34,55
1486944552.524248,177,216,33,36,45,31,33,44
1486944552.53832,164,199,35,34,44,33,32,45
1486944552.561365,158,195,37,33,47,38,29,44
1486944552.583816,111,168,34,34,42,43,30,44
1486944552.597642,116,187,32,36,42,40,30,44
1486944552.621749,121,214,32,36,42,41,29,41
1486944552.644516,146,236,31,39,43,40,30,42
1486944552.658533,151,251,31,39,37,37,32,42
1486944552.681275,154,251,31,39,38,34,34,41
1486944552.704121,161,269,34,43,36,35,37,42
1486944552.717932,158,255,34,42,36,36,38,43
1486944552.742189,135,232,35,42,35,34,38,41
1486944552.763576,127,212,34,41,35,33,39,39
1486944552.778603,131,231,38,41,32,38,38,38
1486944552.801396,125,199,35,34,32,38,34,43
1486944552.824272,118,203,37,33,34,37,34,45
1486944552.838155,131,235,36,33,33,36,34,48
1486944552.86103,133,240,35,33,34,38,33,50
1486944552.883905,131,223,31,32,35,31,32,50
1486944552.897578,121,220,30,36,34,33,31,48
1486944552.921836,110,201,28,39,34,34,32,47
1486944552.944769,140,261,30,39,37,37,32,47
1486944552.958444,147,277,30,38,36,39,28,42
1486944552.982567,156,293,32,39,34,42,27,44
1486944553.004077,189,339,37,38,36,44,30,40
1486944553.017876,212,375,37,39,36,44,27,43
1486944553.05943,212,355,37,40,35,43,25,40
1486944553.078613,210,354,37,45,37,41,25,42
1486944553.092729,212,371,38,59,53,129,27,45
1486944553.114235,197,345,36,67,60,193,44,50
1486944553.124322,265,427,38,73,69,230,241,77
1486944553.146969,434,697,38,94,86,300,469,124
1486944553.160873,540,778,43,97,92,320,534,160
1486944553.183956,556,811,46,92,88,325,575,189
1486944553.206497,566,832,45,89,82,335,585,195
1486944553.220432,548,810,44,84,76,324,538,186
1486944553.243545,449,629,44,63,56,265,363,159
1486944553.265999,326,547,42,57,44,249,259,126
1486944553.281138,295,484,39,50,36,215,150,73
1486944553.304005,277,463,38,45,40,153,103,58
1486944553.326765,253,435,37,43,40,123,81,55
1486944553.348427,186,347,36,35,42,115,58,55
1486944553.363671,186,348,35,33,45,98,48,51
1486944553.386242,201,363,35,37,44,87,40,52
1486944553.400468,185,333,36,35,42,58,34,47
1486944553.424307,173,298,36,33,43,55,33,47
1486944553.445863,218,363,33,35,41,55,34,47
1486944553.461869,220,358,30,36,43,96,34,45
1486944553.486331,221,362,28,36,46,188,34,46
1486944553.514135,274,418,30,35,45,330,32,47
1486944553.524963,299,470,33,36,43,366,35,46
1486944553.543357,271,437,35,34,42,379,37,45
1486944553.56613,257,414,38,31,37,372,41,43
1486944553.581632,284,435,38,29,33,336,41,40
1486944553.604243,231,381,39,29,33,209,40,39
1486944553.627082,400,424,40,38,70,192,39,83
1486944553.640703,853,971,45,41,94,176,38,107
1486944553.663781,915,1043,45,42,97,199,33,113
1486944553.686526,961,1092,45,45,106,344,33,117
1486944553.70034,1118,1207,44,44,115,375,31,128
1486944553.724331,1094,1200,42,39,104,354,31,115
1486944553.745789,798,822,39,36,83,350,31,94
1486944553.760984,730,745,36,36,80,336,35,89
1486944553.791502,656,650,37,36,67,184,36,82
1486944553.806777,333,412,36,35,53,85,37,70
1486944553.820509,207,320,35,35,40,71,37,50
1486944553.843564,178,304,37,35,39,63,35,48
1486944553.866043,157,250,42,34,39,58,30,48
1486944553.879956,143,246,42,30,41,51,30,49
1486944553.904102,134,229,44,32,39,50,31,38
1486944553.926828,134,220,42,30,34,43,30,45
1486944553.940757,131,227,39,31,36,39,30,46
1486944553.964057,167,252,37,33,35,44,31,43
1486944553.987687,170,248,39,34,37,45,29,43
1486944554.002533,189,271,38,35,39,41,30,41
1486944554.024508,190,273,41,35,39,44,31,35
1486944554.046095,187,256,39,35,39,44,31,33
1486944554.068958,157,238,40,37,40,39,31,35
1486944554.084148,179,310,38,38,38,39,30,36
1486944554.105555,142,274,37,35,32,39,29,37
1486944554.146281,142,274,39,36,31,38,30,37
1486944554.158462,150,284,42,39,31,40,32,37
1486944554.179757,161,310,43,40,32,41,31,33
1486944554.195161,162,233,45,43,42,40,38,37
1486944554.210274,304,539,45,47,57,40,43,72
1486944554.22549,385,682,41,55,71,43,44,105
1486944554.248248,463,819,37,66,85,45,47,140
1486944554.263516,549,928,38,70,97,48,51,166
1486944554.286267,573,959,33,71,96,51,46,175
1486944554.309242,525,860,33,74,91,53,44,168
1486944554.323168,473,768,34,67,82,48,43,150
1486944554.345719,400,628,35,56,69,47,40,122
1486944554.368756,264,433,30,47,50,43,35,84
1486944554.382699,176,349,29,43,45,40,36,65
1486944554.410005,128,259,32,40,38,35,32,49
1486944554.430178,110,212,33,42,36,39,31,47
1486944554.445561,90,173,33,41,33,38,32,36
1486944554.468571,85,155,38,43,31,37,30,34
1486944554.492864,78,139,40,41,29,38,29,28
1486944554.508923,78,125,39,37,29,39,31,30
1486944554.525727,67,115,39,34,31,36,31,28
1486944554.548404,62,116,46,34,31,32,32,28
1486944554.56243,59,112,45,30,34,36,34,28
1486944554.586646,59,118,45,30,35,35,36,30
1486944554.6097,61,121,44,35,35,36,34,31
1486944554.623664,56,94,42,36,33,37,33,33
1486944554.646103,52,92,38,37,35,39,30,32
1486944554.668823,55,97,35,36,35,36,28,33
1486944554.682748,54,96,36,35,37,37,24,33
1486944554.707177,49,88,34,29,37,34,26,32
1486944554.728381,52,100,37,29,37,35,25,30
1486944554.743731,51,94,34,30,34,33,31,29
1486944554.766412,45,86,34,31,32,33,31,27
1486944554.789167,44,90,33,34,31,32,36,30
1486944554.803429,49,98,34,34,31,33,35,32
1486944554.825669,47,89,33,40,33,30,42,35
1486944554.848395,53,105,32,45,32,32,43,34
1486944554.862469,59,110,32,47,34,33,44,34
1486944554.886383,59,110,32,45,34,36,40,30
1486944554.90912,58,113,30,47,36,36,39,28
1486944554.923309,56,110,33,46,33,38,34,24
1486944554.945881,54,104,39,40,36,39,31,24
1486944554.968638,49,103,40,38,34,39,30,28
1486944554.99277,48,94,40,40,32,37,31,26
1486944555.007161,52,92,41,39,31,41,32,25
1486944555.028407,54,99,37,36,33,41,29,25
1486944555.051136,57,98,32,36,31,38,32,26
1486944555.066234,54,93,33,38,31,36,31,26
1486944555.089396,56,112,34,36,31,33,35,30
1486944555.112045,52,111,34,35,30,29,34,32
1486944555.126051,52,112,41,34,30,26,34,32
1486944555.148427,48,108,42,34,31,26,31,32
1486944555.17118,52,112,41,34,34,31,31,31
1486944555.186389,54,99,42,35,38,34,29,27
1486944555.207997,50,91,44,38,39,36,31,26
1486944555.230748,67,89,40,40,39,36,32,32
1486944555.250667,72,93,39,40,38,37,33,33
1486944555.267557,93,126,37,40,35,33,33,33
1486944555.290274,112,163,38,38,37,31,32,34
1486944555.311294,113,163,37,36,35,33,31,35
1486944555.328202,109,161,40,36,36,33,31,31
1486944555.3509,110,161,41,38,37,32,32,31
1486944555.370782,98,149,41,39,37,32,29,30
1486944555.395402,75,110,40,37,31,31,27,30
1486944555.410477,79,113,38,39,32,28,28,29
1486944555.430363,71,113,35,36,30,30,30,29
1486944555.448468,72,115,32,33,28,32,30,28
1486944555.469919,69,100,31,32,28,33,31,27
1486944555.49266,74,96,33,34,26,34,36,26
1486944555.516379,71,95,34,31,29,33,36,30
1486944555.530821,79,102,34,34,28,30,36,27
1486944555.550611,84,123,35,34,30,31,35,27
1486944555.567474,79,121,36,37,34,32,36,28
1486944555.590188,76,127,36,38,35,33,30,26
1486944555.611419,74,126,35,38,33,34,29,24
1486944555.628262,70,124,34,39,37,33,27,28
1486944555.649698,85,156,38,39,37,30,31,32
1486944555.670781,98,173,37,36,34,29,31,34
1486944555.687714,103,177,34,35,36,29,34,35
1486944555.710491,109,189,35,35,37,29,34,34
1486944555.730384,117,199,36,33,34,29,38,33
1486944555.748487,106,168,31,34,36,29,33,33
1486944555.76997,111,170,33,37,37,35,35,35
1486944555.791101,109,170,35,37,36,34,34,36
1486944555.808,113,178,34,36,36,35,36,36
1486944555.830758,105,172,32,35,35,33,33,36
1486944555.850582,101,167,31,32,35,35,34,32
1486944555.8675,87,156,30,32,36,33,33,30
1486944555.890213,80,148,30,31,35,34,34,28
1486944555.913075,64,117,28,30,35,33,32,28
1486944555.928284,58,109,30,33,36,33,30,27
1486944555.949741,51,110,32,35,38,35,31,30
1486944555.972573,66,123,31,34,35,34,30,30
1486944555.987766,102,167,29,34,34,33,28,32
1486944556.010511,140,221,30,36,34,34,29,31
1486944556.033334,172,267,31,35,33,39,33,32
1486944556.053255,188,296,32,34,32,36,32,32
1486944556.070032,186,290,32,34,38,39,33,30
1486944556.092824,178,274,31,34,39,39,32,32
1486944556.113971,170,261,36,32,40,39,31,36
1486944556.130784,144,218,35,33,40,35,27,34
1486944556.152378,125,174,34,34,41,35,27,35
1486944556.173457,119,166,36,33,38,33,25,34
1486944556.190302,104,152,38,39,40,32,30,32
1486944556.213119,72,103,33,41,37,34,31,29
1486944556.232985,58,99,32,40,37,36,34,29
1486944556.249769,52,104,33,39,33,38,33,28
1486944556.272651,88,140,29,39,32,37,33,29
1486944556.293825,105,158,33,35,28,37,34,28
1486944556.31057,120,164,35,33,29,36,34,28
1486944556.333374,120,163,35,32,31,34,34,28
1486944556.353321,121,157,37,32,32,37,33,28
